amino_acid,mean,std,count,sem
A,-0.45799999999999985,0.2854295009279877,5,0.12764795337176396
C,-3.7400000000000007,0.33756480859236604,5,0.1509635717648471
D,7.532000000000001,0.18525657883055155,5,0.08284926070883235
E,9.732000000000001,0.17584083712266588,5,0.07863841300534988
F,4.337999999999999,0.18294808006645197,5,0.08181686867633216
G,0.16000000000000086,0.2993325909419168,5,0.13386560424545274
H,3.5360000000000014,0.17756688880531954,5,0.07941032678436818
I,-2.1199999999999974,0.3268791825736235,5,0.14618481453283735
K,2.086,0.3223817612707024,5,0.1441735065814799
L,-1.5200000000000002,0.32619012860600133,5,0.14587666023048354
M,-4.322,0.3309380606699685,5,0.14799999999999983
N,0.7320000000000008,0.28119388329051503,5,0.12575372757894676
P,1.6820000000000022,0.32422214606655103,5,0.14499655168313483
Q,6.168000000000001,0.3285117958308352,5,0.14691494137765587
R,-5.337999999999998,0.321978260135683,5,0.14399305538809956
S,-0.8199999999999988,0.3291656118126568,5,0.14720733677368167
T,0.5840000000000003,0.32431466201823184,5,0.1450379260745271
V,-1.0200000000000002,0.3271085446759218,5,0.14628738838327762
W,9.038,0.1845806056984327,5,0.08254695633395612
Y,5.08,0.32710854467592393,5,0.14628738838327857
